condition,category_top,num_samples,ASR,RefusalRate,SafeRate,OtherRate,num_harmful,num_refusal,num_safe,num_other
T-BQ,,780,0.006410,0.693590,0.300000,0.000000,5,541,234,0
T-HQ,,780,0.050000,0.765385,0.184615,0.000000,39,597,144,0
VH-BQ,,780,0.193590,0.158974,0.647436,0.000000,151,124,505,0
VH-HQ,,780,0.089744,0.591026,0.319231,0.000000,70,461,249,0
